{
    "azimuth": 246.79389397499426,
    "declination": -26.48413888888889,
    "dome_position": 0,
    "elevation": 78.93811579874533,
    "hour_angle": 0.7575225291372369,
    "slit_status": 0,
    "tag": "T40",
    "tracking": true
}